{
  "hash": "1928fa91",
  "configHash": "e6d530d1",
  "lockfileHash": "3bea9f64",
  "browserHash": "329f103d",
  "optimized": {
    "@angular/common": {
      "src": "../../../../../../node_modules/@angular/common/fesm2022/common.mjs",
      "file": "@angular_common.js",
      "fileHash": "10964d4d",
      "needsInterop": false
    },
    "@angular/core": {
      "src": "../../../../../../node_modules/@angular/core/fesm2022/core.mjs",
      "file": "@angular_core.js",
      "fileHash": "665c8938",
      "needsInterop": false
    },
    "@angular/forms": {
      "src": "../../../../../../node_modules/@angular/forms/fesm2022/forms.mjs",
      "file": "@angular_forms.js",
      "fileHash": "d3e39199",
      "needsInterop": false
    },
    "@angular/platform-browser": {
      "src": "../../../../../../node_modules/@angular/platform-browser/fesm2022/platform-browser.mjs",
      "file": "@angular_platform-browser.js",
      "fileHash": "4d8316cf",
      "needsInterop": false
    },
    "@angular/router": {
      "src": "../../../../../../node_modules/@angular/router/fesm2022/router.mjs",
      "file": "@angular_router.js",
      "fileHash": "730bd338",
      "needsInterop": false
    },
    "@ionic/angular/standalone": {
      "src": "../../../../../../node_modules/@ionic/angular/fesm2022/ionic-angular-standalone.mjs",
      "file": "@ionic_angular_standalone.js",
      "fileHash": "cb51d67e",
      "needsInterop": false
    },
    "ionicons": {
      "src": "../../../../../../node_modules/ionicons/dist/index.js",
      "file": "ionicons.js",
      "fileHash": "f5024e83",
      "needsInterop": false
    },
    "ionicons/icons": {
      "src": "../../../../../../node_modules/ionicons/icons/index.mjs",
      "file": "ionicons_icons.js",
      "fileHash": "f8476945",
      "needsInterop": false
    },
    "swiper/element/bundle": {
      "src": "../../../../../../node_modules/swiper/swiper-element-bundle.mjs",
      "file": "swiper_element_bundle.js",
      "fileHash": "82be1f98",
      "needsInterop": false
    }
  },
  "chunks": {
    "index9-6XDTB7PO": {
      "file": "index9-6XDTB7PO.js"
    },
    "status-tap-DOBCJ6IR": {
      "file": "status-tap-DOBCJ6IR.js"
    },
    "input-shims-JCKFZ7O6": {
      "file": "input-shims-JCKFZ7O6.js"
    },
    "focus-visible-RAFDA6YZ": {
      "file": "focus-visible-RAFDA6YZ.js"
    },
    "shadow-css-KQBFNRGS": {
      "file": "shadow-css-KQBFNRGS.js"
    },
    "ios.transition-CQH37ZK7": {
      "file": "ios__transition-CQH37ZK7.js"
    },
    "md.transition-SWHCDYJX": {
      "file": "md__transition-SWHCDYJX.js"
    },
    "index3-VXTLLDIH": {
      "file": "index3-VXTLLDIH.js"
    },
    "hardware-back-button-XEHO4BKH": {
      "file": "hardware-back-button-XEHO4BKH.js"
    },
    "swipe-back-QLOXSXMJ": {
      "file": "swipe-back-QLOXSXMJ.js"
    },
    "keyboard2-66YWXDSS": {
      "file": "keyboard2-66YWXDSS.js"
    },
    "chunk-IY4ZDLB2": {
      "file": "chunk-IY4ZDLB2.js"
    },
    "chunk-7Q5HCUSL": {
      "file": "chunk-7Q5HCUSL.js"
    },
    "chunk-IJ2TBMIZ": {
      "file": "chunk-IJ2TBMIZ.js"
    },
    "chunk-4DTZDNWB": {
      "file": "chunk-4DTZDNWB.js"
    },
    "chunk-5HHDVVHS": {
      "file": "chunk-5HHDVVHS.js"
    },
    "chunk-G6A6GINZ": {
      "file": "chunk-G6A6GINZ.js"
    },
    "chunk-XECEN53I": {
      "file": "chunk-XECEN53I.js"
    },
    "chunk-NWEONTVA": {
      "file": "chunk-NWEONTVA.js"
    },
    "chunk-EUT5B6DW": {
      "file": "chunk-EUT5B6DW.js"
    },
    "chunk-K4WBEI64": {
      "file": "chunk-K4WBEI64.js"
    },
    "chunk-4AF7KAXZ": {
      "file": "chunk-4AF7KAXZ.js"
    },
    "chunk-T7NLFTSM": {
      "file": "chunk-T7NLFTSM.js"
    },
    "chunk-S73DE2HG": {
      "file": "chunk-S73DE2HG.js"
    },
    "chunk-ACUVEYEP": {
      "file": "chunk-ACUVEYEP.js"
    },
    "chunk-JGCCKXXA": {
      "file": "chunk-JGCCKXXA.js"
    },
    "chunk-YVPI3TKG": {
      "file": "chunk-YVPI3TKG.js"
    },
    "chunk-E6EKI2B6": {
      "file": "chunk-E6EKI2B6.js"
    },
    "chunk-KU7DQIAM": {
      "file": "chunk-KU7DQIAM.js"
    },
    "chunk-MYGJPO63": {
      "file": "chunk-MYGJPO63.js"
    },
    "chunk-ZVATTXSA": {
      "file": "chunk-ZVATTXSA.js"
    }
  }
}